id;Cliente
1;Cremin Group
2;Huels, O'Conner and Torphy
3;Rempel, Breitenberg and Marks
4;Hermann Inc
5;Hessel-Orn
6;Becker-Pfeffer
7;Quitzon-Stokes
8;Ward-Greenholt
9;Terry, Corkery and Gislason
10;Kohler-Lubowitz
11;Bednar, Jerde and Roberts
12;Johnston-Kuhlman
13;Gutkowski-O'Hara
14;Luettgen, Ratke and Wiegand
15;Kuhn-Smitham
16;Auer, Cassin and Hessel
17;Jerde-Christiansen
18;Emard, Feest and Schuppe
19;Hegmann-Simonis
20;Padberg, Graham and Hammes
21;Simonis-Sanford
22;O'Conner, Mayer and Hane
23;Wuckert, Hansen and Lubowitz
24;Reichert LLC
25;Dibbert, Upton and Carter
26;Cremin, Keeling and Hessel
27;Gutkowski-Kunze
28;Predovic, Cassin and Ratke
29;Champlin-O'Conner
30;Bartoletti Group
31;Crona LLC
32;Kunde-Swaniawski
33;Runte and Sons
34;Pouros, Mosciski and Ritchie
35;VonRueden-Nicolas
36;Hirthe and Sons
37;Gorczany-Boyle
38;Hoeger-Schmidt
39;Gottlieb-Hahn
40;Olson, Smitham and Smitham
41;Will, Konopelski and Kassulke
42;Cronin LLC
43;Howell-Welch
44;Larson-Bayer
45;White-Green
46;Bartoletti LLC
47;Bogisich Inc
48;Gibson LLC
49;D'Amore, Bosco and Huel
50;Mayer and Sons
51;Lynch LLC
52;Raynor-Stiedemann
53;Schuppe-Johnson
54;Paucek, Reilly and Ritchie
55;Heller-Green
56;Treutel, Grimes and Grant
57;Hettinger, Lubowitz and Jenkins
58;Mitchell, Hauck and Schumm
59;Kohler-Witting
60;Corwin, Pfannerstill and Schinner
61;Hegmann-Schowalter
62;Corkery, Schiller and Halvorson
63;Sauer LLC
64;Nader Inc
65;Schmeler, Yundt and Rogahn
66;Mann Group
67;Adams, Gottlieb and Carroll
68;Zemlak LLC
69;Schowalter, Schuster and Walker
70;Block Inc
71;Gutmann, Jenkins and Parker
72;Nicolas, Mitchell and Sipes
73;Turner, Stiedemann and Greenfelder
74;Toy, Toy and Lebsack
75;Roberts-Satterfield
76;Monahan Inc
77;O'Hara and Sons
78;Grimes-Schoen
79;Vandervort, Hintz and Corwin
80;Bruen, Hyatt and Little
81;Flatley-Hintz
82;Schinner-Schiller
83;Harber, Cruickshank and Barton
84;Deckow-Kessler
85;Feeney, Quigley and Aufderhar
86;Johnston, Ritchie and Mills
87;Connelly-Schmeler
88;Moen, Toy and Treutel
89;Doyle-Senger
90;Frami Group
91;Reichel, Nikolaus and Mertz
92;West, Abernathy and Reichert
93;Murphy, Hettinger and Lind
94;Witting-Powlowski
95;Wyman and Sons
96;Kessler-Bogisich
97;Becker-Dach
98;Hoeger-DuBuque
99;Prohaska and Sons
100;Kuhic Group
101;Lind, Schinner and Volkman
102;Buckridge, Russel and Hauck
103;Bosco LLC
104;Schmeler-Stiedemann
105;Kemmer and Sons
106;Herman and Sons
107;Senger Group
108;Stokes Inc
109;Cremin-Abernathy
110;Tremblay and Sons
111;McKenzie-Grant
112;Mann Group
113;Prohaska Inc
114;Frami-Bartell
115;Thiel, Cruickshank and Fritsch
116;Kling and Sons
117;Greenfelder, Corwin and Daugherty
118;Stanton and Sons
119;Zemlak, Schinner and Prosacco
120;D'Amore, Hermann and DuBuque
121;Orn LLC
122;Swaniawski Group
123;Jast and Sons
124;Wyman and Sons
125;Hamill Group
126;Boehm-Okuneva
127;Zemlak-Reichel
128;Metz, Mertz and Ortiz
129;Robel LLC
130;Kling LLC
131;Sporer-Daugherty
132;Towne, Maggio and Christiansen
133;Osinski-Cummerata
134;Greenholt-Lehner
135;Kub Group
136;Will Inc
137;DuBuque, Wolff and Sanford
138;Collins Group
139;Grady-Kautzer
140;Bayer-Schowalter
141;Rutherford Inc
142;Mayert, Durgan and Kovacek
143;Morissette LLC
144;Graham, Witting and Friesen
145;Bailey, Hansen and Huels
146;MacGyver, Rath and Altenwerth
147;Leannon-Mraz
148;Wilkinson, Waters and Boyer
149;Terry-Crist
150;Thiel, Konopelski and Buckridge
151;Rice-Thiel
152;Schaden, Sawayn and Daniel
153;O'Reilly Group
154;Boyle LLC
155;Boehm Inc
156;Rath-Schmitt
157;Barton LLC
158;Hansen, Schmidt and Hamill
159;Glover-Mueller
160;Miller and Sons
161;Carter-Kshlerin
162;Cremin and Sons
163;Muller-Bergstrom
164;Ullrich, Hintz and Bins
165;Connelly and Sons
166;Hills-Bednar
167;Stroman, Gorczany and Huel
168;Marks, Towne and Schaden
169;Feil-Conroy
170;Olson-Carroll
171;Schaefer, Corwin and Schaden
172;Mante LLC
173;Witting, Reynolds and Homenick
174;Rippin Group
175;Larson LLC
176;Macejkovic-Dickens
177;Batz Inc
178;McKenzie-Simonis
179;Roob Group
180;Hintz-Goldner
181;Torp, Kreiger and Klein
182;Schumm-Barton
183;Hessel, Jerde and Howell
184;Emmerich Inc
185;Parisian, Tromp and Wuckert
186;Stamm Group
187;Morissette LLC
188;Wolff Inc
189;Schaden-D'Amore
190;Gutmann and Sons
191;Volkman, Roberts and Becker
192;McCullough LLC
193;Sauer-Vandervort
194;Leffler-Grady
195;Leannon, Cartwright and Towne
196;Feest LLC
197;Nolan-Runolfsdottir
198;Volkman LLC
199;Kreiger Inc
200;Hoppe Inc
201;Medhurst, Dach and Denesik
202;Kuhic Group
203;Considine-Reynolds
204;Mills, Cormier and Lowe
205;Crist Inc
206;Mraz, Watsica and Feil
207;Lang-Block
208;Lehner-Hagenes
209;Cassin LLC
210;Kassulke-Aufderhar
211;Braun-Monahan
212;Tremblay, Bergnaum and Weimann
213;Leffler and Sons
214;Little, Hintz and Bernhard
215;Nikolaus-Hammes
216;Zulauf-Kiehn
217;Olson Inc
218;Dach-Moen
219;Jacobi-Reichel
220;Roberts-O'Connell
221;Goyette-Baumbach
222;Kuvalis Group
223;Okuneva-Erdman
224;Johnston-Thompson
225;Lueilwitz LLC
226;Dietrich-Considine
227;Sipes-Konopelski
228;Bogisich and Sons
229;Kutch, Raynor and Ruecker
230;Thompson and Sons
231;Hamill Inc
232;Hessel, Rodriguez and Kassulke
233;Collier, Yundt and Graham
234;Will Inc
235;Bergnaum Inc
236;Schmitt and Sons
237;Collins Inc
238;Rogahn-Cassin
239;Sporer, Nikolaus and Padberg
240;Jones and Sons
241;Christiansen, Stoltenberg and Bashirian
242;Mueller, Schowalter and Kihn
243;Collier Inc
244;Stamm-Kuhic
245;Runolfsson Inc
246;Pacocha and Sons
247;Franecki-Pouros
248;Kling, Prohaska and Hickle
249;Aufderhar, Friesen and Langworth
250;Hettinger, Schowalter and Lowe
251;Wiegand Inc
252;Quitzon Group
253;Von Inc
254;Rodriguez-Becker
255;Hills, Murazik and Doyle
256;Lehner, Will and Towne
257;Nienow LLC
258;Reynolds, Kuhn and Okuneva
259;Dooley, Bartoletti and Boehm
260;Lynch and Sons
261;O'Connell, Pagac and Mraz
262;Schneider and Sons
263;Goldner-Mueller
264;Parker LLC
265;Bartell, Crist and Bradtke
266;Dicki-Beier
267;Cormier, Farrell and Stark
268;Schaden and Sons
269;Pouros, Jakubowski and Fadel
270;Fadel, Crist and Kris
271;Von Group
272;Schneider-Hane
273;Bashirian Group
274;Balistreri and Sons
275;Kerluke-Price
276;Schneider-Wuckert
277;Borer, Robel and Leuschke
278;Murazik-Dibbert
279;Ward Group
280;Kilback Group
281;O'Kon, Friesen and Anderson
282;Treutel-Fadel
283;Cormier-Russel
284;Schuster-Mueller
285;Kertzmann, Hermiston and Sanford
286;Bogisich-Shields
287;Graham Group
288;Anderson-Klocko
289;Morar, Reichel and Paucek
290;Krajcik-Abshire
291;Mann-Tromp
292;Lemke, Murphy and Harris
293;Schuster, Morar and Heathcote
294;Buckridge, D'Amore and Wyman
295;Durgan and Sons
296;Collins, Cassin and Goyette
297;O'Hara Inc
298;Weissnat Group
299;Pagac-Hills
300;Dach, Prosacco and Hickle
301;Conn-Daniel
302;Pollich-Goodwin
303;Streich LLC
304;Altenwerth-Keeling
305;Satterfield Inc
306;Herman and Sons
307;Connelly LLC
308;Kemmer-Boyle
309;Bosco and Sons
310;Runte Group
311;Runte-Bode
312;Cummerata-Leannon
313;Mante, Homenick and Adams
314;Pagac Group
315;Weimann-Mitchell
316;Durgan Group
317;Windler Inc
318;Beer LLC
319;Schulist, Shanahan and Walter
320;Emmerich, Botsford and Welch
321;Gibson, Leffler and Murray
322;Mertz Inc
323;Mohr, Rohan and Herman
324;Hagenes, Schuster and Romaguera
325;Kuvalis, Lueilwitz and Pollich
326;Strosin, Larkin and Boyle
327;Senger Group
328;Funk-Greenfelder
329;Tromp-Bradtke
330;Thompson, Stehr and Ritchie
331;Trantow-Turner
332;Kautzer, Wyman and Ruecker
333;Legros-Kling
334;Dicki-Klocko
335;West-Waters
336;Armstrong-Block
337;Pouros, Lockman and Nolan
338;Bogisich-Blick
339;Dach, Greenfelder and Jerde
340;Emard, Rath and Casper
341;Haag, Nolan and Fahey
342;Roberts-Nikolaus
343;Rippin, Moore and Yundt
344;Considine and Sons
345;Botsford, Sporer and Schmidt
346;Smith and Sons
347;Frami, Feest and Lynch
348;Wilderman-Jakubowski
349;Reilly-Miller
350;Muller Group
351;Donnelly Group
352;Lueilwitz, Brakus and Mueller
353;Kub, Kautzer and Bosco
354;Beatty-Mills
355;Waelchi LLC
356;Nicolas-Turner
357;Runolfsdottir LLC
358;Gutkowski LLC
359;Hermiston-Ratke
360;Murray, Nitzsche and Keebler
361;McGlynn-Klein
362;Wisoky-Feil
363;Lehner-Wiza
364;Pfeffer-Gorczany
365;Blanda, Erdman and Crist
366;DuBuque and Sons
367;Dickinson Inc
368;Gusikowski-Rutherford
369;West-Roob
370;Feil and Sons
371;Nolan-Ferry
372;Nolan-Mayert
373;Renner, Turcotte and Mitchell
374;Cronin and Sons
375;Corkery-Lemke
376;Collier and Sons
377;Christiansen-Wisoky
378;Labadie and Sons
379;Connelly, Christiansen and Hermiston
380;Corkery, Schmeler and Will
381;Emard Group
382;Morar Inc
383;Pfeffer Inc
384;Swaniawski and Sons
385;Fritsch and Sons
386;Bradtke, O'Keefe and Kihn
387;Wintheiser, Boyle and Schaefer
388;Gerlach, Ortiz and Leannon
389;Sanford, Willms and Gerlach
390;Jacobson-Lesch
391;Renner, Harber and Homenick
392;Doyle-Ebert
393;Wiza, Hayes and Boehm
394;Stehr, Zboncak and Okuneva
395;Cormier and Sons
396;Leannon, Haag and Barton
397;Kohler, Cormier and Leannon
398;Becker, Nikolaus and Barton
399;Ryan and Sons
400;Greenholt, Hirthe and Wisozk
401;Renner, Sporer and Cassin
402;Runte, Mueller and Howell
403;Senger-Fadel
404;Leuschke-Zemlak
405;Gleason Group
406;Franecki-Hammes
407;Stroman-Pacocha
408;Hessel, Hettinger and Hermiston
409;Green-Larkin
410;Turcotte, Lowe and Adams
411;Yundt Group
412;Watsica-Leuschke
413;Grant and Sons
414;Bergstrom, Aufderhar and Kovacek
415;Stark, Howe and Kunde
416;Kling-Kunde
417;Heathcote, Konopelski and Wiza
418;Bogisich-Blick
419;Hansen-Schultz
420;Powlowski-Reichert
421;Schoen-Kunde
422;Huel, Denesik and Bosco
423;Stokes, Harris and Davis
424;Bauch, Yost and Hahn
425;Waters, Quitzon and Lockman
426;Renner-O'Conner
427;Daniel, Stokes and Tromp
428;Walker Group
429;Mitchell Inc
430;Kassulke, Sanford and Brekke
431;Hagenes Inc
432;Kuhn, Becker and Daugherty
433;O'Conner-Volkman
434;Johnson LLC
435;Borer Group
436;Beatty Group
437;Gorczany-McClure
438;Walker and Sons
439;Wiza-Raynor
440;Fahey Inc
441;Pacocha, Homenick and Kemmer
442;Lehner, Thompson and Schuppe
443;McClure Inc
444;Bayer-Johnston
445;Goyette, Dickens and Zemlak
446;Quigley-Rath
447;Botsford, Zboncak and Veum
448;Wilderman-Ebert
449;Boehm and Sons
450;Swift, Conroy and Hauck
451;Mayert, Mohr and Morissette
452;Schinner and Sons
453;Schiller, Fay and Grimes
454;Haag LLC
455;Kertzmann-Parker
456;Schowalter, Howe and Schuppe
457;Boehm, Robel and Schroeder
458;Dach-Mosciski
459;Hudson and Sons
460;Toy, Cartwright and Zboncak
461;Kunze-McGlynn
462;Botsford-Wolff
463;Witting, Carter and Pfeffer
464;Rosenbaum, Funk and Feeney
465;Upton-Abshire
466;Hartmann and Sons
467;Cruickshank, Bashirian and Weber
468;Hyatt Group
469;O'Reilly, Blanda and Rogahn
470;Kovacek, Hickle and Bernier
471;Kuhlman-Waters
472;VonRueden LLC
473;Pollich Inc
474;Moore-Bergstrom
475;Dicki-Aufderhar
476;Ritchie-Goyette
477;Zemlak LLC
478;Towne, Olson and Cormier
479;Schuster, Frami and Fisher
480;O'Connell, Brekke and Funk
481;Stiedemann, Wisozk and Predovic
482;Hansen, Quitzon and Halvorson
483;Jacobson Inc
484;Goldner LLC
485;Barrows, Bernier and Davis
486;Grady-Fadel
487;Bashirian, Reynolds and MacGyver
488;Cummings Inc
489;Smitham LLC
490;Wolff-Daugherty
491;Towne, Blick and Wiegand
492;Cummerata-Keebler
493;Langosh Inc
494;Yost-Kiehn
495;Hintz, Lindgren and Huels
496;Streich-Koepp
497;Bernier-Yundt
498;Nader-Becker
499;Waelchi-Gleichner
500;Roberts, Leuschke and Roob
501;Romaguera Inc
502;Johns LLC
503;Wolff-Kutch
504;Douglas Inc
505;O'Hara-Tremblay
506;Strosin, Tremblay and Stracke
507;Ritchie Group
508;King, Cummings and Pagac
509;Rosenbaum-Kunze
510;Miller, Thiel and Block
511;Reinger, Fahey and Feest
512;Fadel LLC
513;Blanda, Rogahn and Hammes
514;Gutkowski, Tillman and Hilll
515;Gorczany-Grant
516;Predovic Group
517;Leuschke-Carter
518;Welch-Kilback
519;Hermiston-Kihn
520;Purdy-Bogisich
521;Kohler-McLaughlin
522;Schiller, Swaniawski and Goldner
523;O'Conner, Grady and Wolff
524;Fisher and Sons
525;Bashirian, Leffler and Fay
526;Trantow, Bartoletti and Bernier
527;Haag Group
528;MacGyver Inc
529;McLaughlin, Barrows and Ankunding
530;Murazik-Balistreri
531;Dietrich Inc
532;Hand-Zieme
533;Ernser-Schultz
534;Prohaska-Ondricka
535;Lemke-Ryan
536;Willms-Turcotte
537;Dietrich LLC
538;Stiedemann and Sons
539;Bayer Group
540;Jones-Collier
541;McGlynn-Friesen
542;Leffler, Luettgen and Altenwerth
543;Buckridge, Schmitt and Moen
544;Leffler Inc
545;Kuphal, Wilderman and D'Amore
546;Baumbach, Rohan and Armstrong
547;Cummings-Rogahn
548;Cormier, Reynolds and Brekke
549;Medhurst Inc
550;Roberts Inc
551;Schroeder, Halvorson and O'Kon
552;Rolfson Group
553;Haley-Dietrich
554;Rogahn, Corkery and Kub
555;Frami and Sons
556;Trantow, McClure and Hoeger
557;Kulas-Konopelski
558;Mohr LLC
559;Koepp Inc
560;Cremin Inc
561;Hammes LLC
562;Hickle, Williamson and Simonis
563;Satterfield and Sons
564;Gusikowski, Fahey and Crist
565;Bergnaum-Trantow
566;Bruen-Muller
567;DuBuque and Sons
568;Paucek-Nicolas
569;Tromp-Carter
570;Mosciski and Sons
571;Runolfsdottir-Kunde
572;Swaniawski-Ruecker
573;Hessel-Lueilwitz
574;White and Sons
575;Kohler, Nienow and Hane
576;Mueller-Kemmer
577;Walter, Gislason and Robel
578;Wuckert-Wilderman
579;Daugherty, Cremin and Marks
580;Gislason and Sons
581;McKenzie, Moen and Johnston
582;Hodkiewicz, Bins and Christiansen
583;Monahan and Sons
584;Satterfield-Lynch
585;Monahan, Collins and Keebler
586;Sanford and Sons
587;Toy-Koelpin
588;McCullough-Rau
589;Shanahan-Stark
590;Grimes, Schamberger and Glover
591;Hegmann, Goldner and Romaguera
592;Harris LLC
593;Moore and Sons
594;Corkery, Torp and Bernhard
595;Wisoky, Mohr and Kunde
596;Medhurst, Williamson and Kozey
597;Ritchie-O'Keefe
598;Schulist-Pacocha
599;Kunde, Gutkowski and Kuphal
600;Ebert-Pollich
601;Hoppe Inc
602;Fahey, Rohan and Hirthe
603;O'Kon Inc
604;Runolfsson Group
605;Harber, Cummerata and Smith
606;Fadel-Heathcote
607;Reilly LLC
608;Fisher Group
609;Wiegand, Kirlin and Aufderhar
610;Walsh, Ward and Hansen
611;Wyman LLC
612;Berge, Miller and Toy
613;Gibson-DuBuque
614;Nitzsche, Roberts and McCullough
615;McLaughlin LLC
616;Hayes and Sons
617;Krajcik, McGlynn and Wolff
618;Kutch Inc
619;Botsford, Sporer and White
620;D'Amore-Bogan
621;Cassin-Grady
622;Goodwin, Spencer and Barrows
623;Haley Group
624;Hermiston LLC
625;Bogisich LLC
626;Wuckert and Sons
627;Murphy-Dach
628;Russel, Padberg and Lesch
629;Hane, Pollich and Bashirian
630;O'Connell and Sons
631;Mueller and Sons
632;Keebler-Sipes
633;Beer, Schmidt and Steuber
634;Aufderhar-Deckow
635;Hills, Jast and Buckridge
636;Kertzmann-O'Connell
637;Goodwin, Mills and Hamill
638;Ratke-Larson
639;Volkman-Langworth
640;Kris Inc
641;Hahn, Zieme and Bahringer
642;Bailey-Gorczany
643;Prohaska Inc
644;Monahan Group
645;Luettgen, Dibbert and Gleason
646;Raynor-Champlin
647;Senger, Balistreri and Smitham
648;Nienow, Witting and Mayer
649;VonRueden-DuBuque
650;Lang LLC
651;Satterfield LLC
652;Cruickshank, Ondricka and Homenick
653;Veum-Gutkowski
654;Kuhlman-Casper
655;Barrows-Walker
656;Rippin LLC
657;Auer, Bayer and Stracke
658;Upton, Reinger and Bernier
659;Spinka-Adams
660;O'Conner, Dickinson and Ebert
661;Funk-Bechtelar
662;Herman-Ortiz
663;Kirlin-Simonis
664;Swaniawski and Sons
665;Ratke-Goldner
666;Bins and Sons
667;Hane, Bahringer and Will
668;Morissette-Haag
669;Rosenbaum, Schmeler and Marquardt
670;Tremblay-Carroll
671;Von LLC
672;Bartell, Bergnaum and Turner
673;Stehr-Schulist
674;Kris, Herman and Kub
675;Dietrich-Hickle
676;O'Kon-Legros
677;Bayer-Stoltenberg
678;Hudson Group
679;Daugherty LLC
680;Strosin, Ernser and Ryan
681;Huel and Sons
682;Feeney LLC
683;Quitzon, Huels and Balistreri
684;Jaskolski, Larson and Harber
685;Jenkins-Zboncak
686;Hoppe-Steuber
687;Schmitt, Gibson and Kilback
688;Bogan-Senger
689;Roberts, Fisher and Wehner
690;O'Hara-Macejkovic
691;McGlynn-Jerde
692;Wunsch-Greenfelder
693;Schmeler-Schroeder
694;Ullrich Inc
695;Gottlieb, Streich and Nitzsche
696;Auer, Farrell and Wintheiser
697;Hane-Mitchell
698;Wintheiser and Sons
699;Boyle-Wyman
700;Klein, Huels and Jast
701;Kihn Inc
702;Heathcote-Rau
703;Streich-McKenzie
704;Schmeler LLC
705;Wunsch-Kris
706;Hettinger LLC
707;Friesen LLC
708;Kling, Lowe and Howell
709;Cruickshank Group
710;Zulauf-Fadel
711;Ankunding LLC
712;Rempel, West and Christiansen
713;Kuhic Group
714;Huel, Ward and Herzog
715;Pouros-Moore
716;Murazik-Ortiz
717;Gerhold, Howe and Larkin
718;Medhurst-Little
719;Christiansen-Zemlak
720;Spinka-Thiel
721;Bartoletti Inc
722;O'Conner and Sons
723;Konopelski-Little
724;Conroy-Grady
725;Hegmann Group
726;Gerhold-Ebert
727;Weimann Inc
728;Gorczany-Spencer
729;Stiedemann LLC
730;Jenkins, Crooks and McClure
731;Murray, Dooley and Parker
732;Bruen Inc
733;Will, Zemlak and Ruecker
734;Cormier-Emard
735;Legros, Lakin and Ritchie
736;Luettgen-D'Amore
737;Champlin and Sons
738;Glover, Kiehn and Terry
739;Vandervort and Sons
740;Lowe, Paucek and Blanda
741;Runolfsson, Wiegand and Cruickshank
742;Mertz-Robel
743;Buckridge-Lindgren
744;Shanahan, Hickle and Hermiston
745;Weissnat LLC
746;Dare, Rodriguez and Schinner
747;Mertz, Howe and Roob
748;Wisozk-Hagenes
749;Fadel LLC
750;O'Conner, Heaney and Ernser
751;Baumbach, Schmeler and Feest
752;Kuhic LLC
753;Tillman, Halvorson and Hills
754;Cummerata Group
755;Christiansen LLC
756;Nader-Weissnat
757;Kerluke, Kris and Rempel
758;Bogisich-Kutch
759;Farrell and Sons
760;Leannon-Bode
761;Kuhlman Group
762;Sauer-Bogisich
763;Hauck-Ward
764;Jacobs-Wolf
765;Langosh-Kling
766;Hansen Inc
767;Wyman, Bartell and Hoeger
768;Koelpin, Daniel and Rempel
769;Ryan LLC
770;O'Connell, Yost and Douglas
771;Bernier Group
772;Lindgren, Franecki and Reilly
773;Konopelski-Emmerich
774;Schaefer LLC
775;King-Champlin
776;Mosciski-Kunde
777;Yost Inc
778;Marvin-Ankunding
779;Kirlin and Sons
780;Effertz-Upton
781;Walsh-Price
782;Cronin-Daugherty
783;Windler, Haley and Koepp
784;Lubowitz Group
785;Koelpin-Macejkovic
786;Kemmer Inc
787;Schneider, Conroy and Crooks
788;Thiel, Doyle and Konopelski
789;Fritsch, Hane and Gislason
790;Aufderhar, Sawayn and Wunsch
791;Beer-Hirthe
792;Torp-O'Reilly
793;Kemmer, Schamberger and Upton
794;Bahringer, Terry and White
795;Hettinger, Haag and Wuckert
796;Carroll-Erdman
797;O'Kon, Kerluke and Ebert
798;Batz, Shanahan and Stoltenberg
799;Keebler-Walsh
800;Strosin, Terry and Kautzer
801;Yundt-Gerlach
802;Bahringer, Johnson and Corwin
803;Monahan, Kozey and Dach
804;Hauck Group
805;Will-Towne
806;Farrell-Daniel
807;Bechtelar, Heller and Walter
808;Rohan, Bosco and Schaden
809;Romaguera LLC
810;Schaefer, Brekke and Leuschke
811;Rau LLC
812;Torphy Group
813;Gorczany and Sons
814;Heathcote Inc
815;Marquardt-Watsica
816;Hoppe-Terry
817;Nienow and Sons
818;Goodwin-Sipes
819;Larkin-Mraz
820;Keeling, Senger and Kuphal
821;Gleichner and Sons
822;Ferry-Wilkinson
823;Braun LLC
824;Brown Group
825;Zieme, Paucek and Hoppe
826;O'Kon-Durgan
827;Christiansen, Skiles and Schaefer
828;Volkman-Bode
829;Bauch-Lockman
830;Homenick-Williamson
831;Huels, Ondricka and O'Keefe
832;Carter, Strosin and Gorczany
833;Jakubowski Group
834;Cole and Sons
835;Dickinson Group
836;Lang, Kuhic and Upton
837;Wehner, O'Conner and Bailey
838;Hodkiewicz, Friesen and Price
839;Ferry, Rogahn and Morar
840;Becker, Schumm and Jakubowski
841;Conn LLC
842;Langosh-Brown
843;Wolff-Stoltenberg
844;Kilback-Gottlieb
845;Padberg-Crooks
846;Heidenreich-Langosh
847;Yost, Zboncak and Adams
848;Oberbrunner Inc
849;Armstrong, Glover and Will
850;Howe-Dare
851;Kunde, Gottlieb and Beatty
852;Becker-Bogan
853;Kilback-Kling
854;Dicki-Turner
855;Nicolas, Weimann and Schuppe
856;McGlynn-Watsica
857;Beier Group
858;Watsica and Sons
859;Reichert, Abshire and Koepp
860;Jaskolski-Stehr
861;Walter Group
862;Barton-Lebsack
863;Leuschke LLC
864;Kessler-Fay
865;Strosin Inc
866;Botsford-Bode
867;Schneider-Kuhic
868;Schroeder, Wehner and Hoeger
869;Lind-Roberts
870;Schmeler Inc
871;Emard, Cassin and Kuhic
872;Simonis, Schuppe and Langosh
873;Krajcik LLC
874;Stoltenberg, Wisoky and Quigley
875;Huels-Hermann
876;Spinka-Jones
877;Auer, Pacocha and Wilderman
878;Koepp, Lowe and Swift
879;Baumbach LLC
880;Maggio and Sons
881;Ferry-O'Connell
882;Brakus, Armstrong and Bayer
883;Bosco Group
884;Waelchi-Rodriguez
885;Beier and Sons
886;Johns-Schinner
887;Quigley Inc
888;Beatty LLC
889;Tremblay-Schumm
890;Runolfsson Group
891;Morissette-Kris
892;Kunde, Cronin and Lebsack
893;Buckridge and Sons
894;Murphy-Gerlach
895;Bauch Inc
896;Stehr Group
897;McClure-McClure
898;Tremblay and Sons
899;Homenick, Cummings and King
900;Kertzmann-Becker
901;Hamill Inc
902;Ward-Daugherty
903;Connelly, Roob and O'Keefe
904;Bauch, Konopelski and Schoen
905;Vandervort, Legros and Mante
906;Grimes-Rodriguez
907;Zieme-Schultz
908;Hoeger, Cartwright and Parisian
909;Jacobi-Schimmel
910;Larson and Sons
911;Green, Wuckert and Ankunding
912;Jacobson-Pacocha
913;O'Conner, Marks and Koepp
914;Koepp, Hintz and Wuckert
915;O'Conner-Howe
916;Beier, Moore and Rutherford
917;DuBuque Inc
918;Hermiston-Blanda
919;Thiel, Abbott and Bayer
920;Runolfsson Inc
921;Collier, Greenfelder and Reynolds
922;Senger-Robel
923;Weber, Zulauf and Abernathy
924;Ondricka Inc
925;Breitenberg and Sons
926;Gerhold-Parker
927;Sauer-Ferry
928;Schinner-Stoltenberg
929;Gutmann, Bruen and Dickinson
930;Williamson LLC
931;Bergstrom-Breitenberg
932;Zieme-Oberbrunner
933;Bergstrom-McCullough
934;Parisian, Hodkiewicz and Rutherford
935;Howe-Ryan
936;Gorczany, Carroll and Rowe
937;Schoen, Hermiston and Smith
938;Langworth and Sons
939;Herzog-McKenzie
940;Heaney Inc
941;Cummings Inc
942;Purdy-Denesik
943;Reilly-Kertzmann
944;McCullough-Conroy
945;Smitham Group
946;Wuckert Group
947;Pacocha, Bogan and Nitzsche
948;Murazik-Bosco
949;Tromp-Volkman
950;Hettinger-Kerluke
951;Lind-Bayer
952;Ankunding and Sons
953;Bailey and Sons
954;Flatley-Runolfsson
955;Raynor-Quigley
956;Flatley, Runte and Bauch
957;Mueller-Ullrich
958;Collier LLC
959;Schmeler and Sons
960;Waelchi-Bartoletti
961;Prohaska-Carroll
962;Hodkiewicz-Goldner
963;Franecki, Lowe and Aufderhar
964;Parisian, Zulauf and Stehr
965;Spencer-Johnston
966;Marquardt Group
967;Parker-Bogan
968;Considine-Greenfelder
969;Lubowitz, Fay and Larson
970;Konopelski, Steuber and Glover
971;Bergnaum-Emard
972;Hyatt and Sons
973;Crooks-Considine
974;Rice, Nikolaus and Greenfelder
975;Pouros-Bednar
976;Gleason LLC
977;Haag-Bosco
978;Ryan-Walter
979;Runolfsson-Hilpert
980;Volkman, Lind and Hoppe
981;Farrell-O'Kon
982;O'Reilly Inc
983;Grant Inc
984;Hane and Sons
985;Collins, Wolff and Kuhn
986;Yost LLC
987;Weber, Christiansen and Sporer
988;Schoen-Stracke
989;Pollich LLC
990;Watsica-Ferry
991;Considine, Howell and Robel
992;Morissette, Schiller and Kreiger
993;Schulist, Brakus and Kshlerin
994;Predovic LLC
995;Gutmann, Mertz and Jenkins
996;Abernathy, Cormier and Prosacco
997;Carroll Group
998;Mohr Group
999;Bechtelar, Kuhic and Kunze
1000;Gerhold-Ruecker
