Cod Produto;Imagem Produto
P001;https://i.imgur.com/VeYPdeA.jpg
P002;https://i.imgur.com/J4FvMPa.jpg
P003;https://i.imgur.com/dKGbVmj.jpg
P004;https://i.imgur.com/9MBxbg1.jpg
P005;https://i.imgur.com/sTxcS6z.jpg
P006;https://i.imgur.com/zv93Xhi.jpg
P007;https://i.imgur.com/LItVa1f.jpg
P008;https://i.imgur.com/q7JxVXJ.jpg
P009;https://i.imgur.com/zdosMD9.jpg
P010;https://i.imgur.com/TLCUHHO.jpg
P011;https://i.imgur.com/AJ63H3r.jpg
P012;https://i.imgur.com/shMf3gi.jpg
P013;https://i.imgur.com/CkmVwLU.jpg
P014;https://i.imgur.com/eUMERVf.jpg
P015;https://i.imgur.com/93WjR1q.jpg
P016;https://i.imgur.com/Y8X1XAo.jpg
P017;https://i.imgur.com/5VrYKbf.jpg
P018;https://i.imgur.com/42x2VYO.jpg
P019;https://i.imgur.com/1N4wNkn.jpg
P020;https://i.imgur.com/RDjuVg2.jpg
P021;https://i.imgur.com/rMxHAJn.jpg
P022;https://i.imgur.com/xaLLqnH.jpg
P023;https://i.imgur.com/Tlx4SQi.jpg
P024;https://i.imgur.com/qaSXTKM.jpg
P025;https://i.imgur.com/AkiQvOV.jpg
P026;https://i.imgur.com/Az269D9.jpg
P027;https://i.imgur.com/EaFdQw3.jpg
P028;https://i.imgur.com/4W75o1p.jpg
P029;https://i.imgur.com/V2JlvXG.jpg
P030;https://i.imgur.com/1bzovy0.jpg
P031;https://i.imgur.com/i9arL1k.jpg
P032;https://i.imgur.com/NlJl9Mx.jpg
P033;https://i.imgur.com/O6wuRVf.jpg
P034;https://i.imgur.com/GP5nALw.jpg
P035;https://i.imgur.com/j5allHQ.jpg
P036;https://i.imgur.com/p5oZhh6.jpg
P037;https://i.imgur.com/bcOT1wW.jpg
P038;https://i.imgur.com/tW91flb.jpg
P039;https://i.imgur.com/PfvpJXw.jpg
P040;https://i.imgur.com/Bq1vz0U.jpg
P041;https://i.imgur.com/76AruZ2.jpg
P042;https://i.imgur.com/q9QJccz.jpg
P043;https://i.imgur.com/omGQxKn.jpg
P044;https://i.imgur.com/wvmJ6PZ.jpg
P045;https://i.imgur.com/uxRMRnT.jpg
P046;https://i.imgur.com/SjZ6hMt.jpg
P047;https://i.imgur.com/DHj312T.jpg
P048;https://i.imgur.com/Etw8leI.jpg
P049;https://i.imgur.com/iMATVnB.jpg
P050;https://i.imgur.com/p3rwC21.jpg
P051;https://i.imgur.com/ryYIyT9.jpg
P052;https://i.imgur.com/RK2GAGi.jpg
P053;https://i.imgur.com/QZ8WuQq.jpg
